base64, 14.29%
basename, 76.92%
cat, 54.74%
chcon, 15.9%
chgrp, 34.44%
chown, 29.03%
chroot, 62.16%
cksum, 91.94%
comm, 71.43%
cp, 26.29%
csplit, 3.3%
cut, 52.03%
date, 24.68%
df, 64.15%
dircolors, 10.0%
dirname, 74.19%
echo, 39.81%
env, 51.11%
expand, 43.05%
expr, 35.21%
factor, 64.18%
fmt, 63.01%
fold, 43.36%
hostid, 59.09%
hostname, 67.86%
id, 36.72%
join, 24.49%
link, 60.71%
ln, 29.38%
logname, 52.0%
ls, 21.61%
mkdir, 28.79%
mkfifo, 36.17%
mknod, 36.59%
mktemp, 44.44%
nice, 59.32%
nl, 28.91%
nohup, 77.63%
od, 29.4%
paste, 44.92%
pathchk, 56.06%
pinky, 79.91%
pr, 37.97%
printenv, 62.86%
printf, 9.73%
pwd, 20.34%
readlink, 54.0%
runcon, 58.25%
seq, 48.62%
setuidgid, 40.26%
shuf, 59.3%
sleep, 43.48%
split, 14.29%
stat, 31.75%
stty, 13.77%
tee, 75.36%
touch, 56.94%
tr, 40.52%
tsort, 72.91%
tty, 50.0%
uname, 19.32%
unexpand, 47.94%
uniq, 60.54%
unlink, 72.0%
uptime, 76.92%
users, 59.62%
who, 24.1%
whoami, 50.0%
