base64, 42.86%
basename, 79.49%
cat, 55.17%
chcon, 25.13%
chgrp, 62.22%
chown, 58.06%
chroot, 56.76%
cksum, 91.94%
comm, 67.35%
cp, 41.19%
csplit, 53.94%
cut, 52.03%
date, 44.81%
df, 66.04%
dircolors, 73.16%
dirname, 74.19%
echo, 27.18%
env, 100.0%
expand, 41.06%
expr, 48.22%
factor, 71.64%
fmt, 66.46%
fold, 41.59%
hostid, 63.64%
hostname, 67.86%
id, 42.19%
join, 12.02%
link, 75.0%
ln, 75.26%
logname, 56.0%
ls, 41.06%
mkdir, 56.06%
mkfifo, 36.17%
mknod, 35.37%
mktemp, 70.71%
nice, 61.02%
nl, 33.18%
nohup, 77.63%
od, 40.65%
paste, 66.84%
pathchk, 46.97%
pinky, 83.33%
pr, 36.75%
printenv, 77.14%
printf, 73.15%
pwd, 20.34%
readlink, 94.0%
runcon, 54.37%
seq, 53.04%
setuidgid, 55.84%
shuf, 59.88%
sleep, 45.65%
split, 45.62%
stat, 35.93%
stty, 29.62%
tee, 86.96%
touch, 47.92%
tr, 4.4%
tsort, 71.43%
tty, 76.67%
uname, 77.27%
unexpand, 47.42%
uniq, 64.32%
unlink, 72.0%
uptime, 76.92%
users, 59.62%
who, 83.45%
whoami, 53.85%
