base64, 42.86%
basename, 79.49%
cat, 55.17%
chcon, 45.64%
chgrp, 63.33%
chown, 60.22%
chroot, 40.54%
cksum, 80.65%
comm, 67.35%
cp, 45.26%
csplit, 62.39%
cut, 48.99%
date, 39.61%
df, 56.87%
dircolors, 20.0%
dirname, 48.39%
echo, 28.16%
env, 57.78%
expand, 39.07%
expr, 48.22%
factor, 70.15%
fmt, 65.83%
fold, 40.71%
hostid, 63.64%
hostname, 57.14%
id, 28.13%
join, 52.61%
link, 64.29%
ln, 71.13%
logname, 56.0%
ls, 44.38%
mkdir, 56.06%
mkfifo, 68.09%
mknod, 48.78%
mktemp, 69.7%
nice, 57.63%
nl, 46.92%
nohup, 77.63%
od, 40.79%
paste, 67.91%
pathchk, 43.94%
pinky, 83.76%
pr, 37.86%
printenv, 62.86%
printf, 10.51%
pwd, 20.34%
readlink, 64.0%
runcon, 68.93%
seq, 56.35%
setuidgid, 41.56%
shuf, 47.67%
sleep, 45.65%
split, 45.62%
stat, 36.77%
stty, 31.32%
tee, 75.36%
touch, 57.64%
tr, 38.24%
tsort, 6.9%
tty, 76.67%
uname, 42.05%
unexpand, 44.85%
uniq, 63.24%
unlink, 60.0%
uptime, 17.95%
users, 26.92%
who, 59.71%
whoami, 53.85%
